<controls>
    <SliderFloat_MAIN_Timeline_(synced)>
        <name>MAIN Timeline (synced)</name>
        <value>0.000000</value>
    </SliderFloat_MAIN_Timeline_(synced)>
    <SliderFloat_Video_Timeline>
        <name>Video Timeline</name>
        <value>0.000000</value>
    </SliderFloat_Video_Timeline>
    <SliderFloat_Data_Timeline>
        <name>Data Timeline</name>
        <value>0.000000</value>
    </SliderFloat_Data_Timeline>
    <SliderFloat_Video/Data_Time_Offset>
        <name>Video/Data Time Offset</name>
        <value>0.000000</value>
    </SliderFloat_Video/Data_Time_Offset>
    <SliderFloat_Playback_Speed>
        <name>Playback Speed</name>
        <value>1.000000</value>
    </SliderFloat_Playback_Speed>
    <SliderInt_Alpha_Blend_Video>
        <name>Alpha Blend Video</name>
        <value>255</value>
    </SliderInt_Alpha_Blend_Video>
    <Toggle_Play_/_Pause>
        <name>Play / Pause</name>
        <value>0</value>
    </Toggle_Play_/_Pause>
    <ComboBox_Ride_Type>
        <name>Ride Type</name>
        <value>0</value>
    </ComboBox_Ride_Type>
    <Toggle_Detect_180's?>
        <name>Detect 180&apos;s?</name>
        <value>1</value>
    </Toggle_Detect_180's?>
    <SliderInt_180_Tolerance_(degrees)>
        <name>180 Tolerance (degrees)</name>
        <value>20</value>
    </SliderInt_180_Tolerance_(degrees)>
    <SliderInt_Spin_Tolerance_(degrees)>
        <name>Spin Tolerance (degrees)</name>
        <value>110</value>
    </SliderInt_Spin_Tolerance_(degrees)>
</controls>
